ID;Anbieter;Kategorie;Herkunft;Zielgruppe;Staerken (Recherchestand);Offene Punkte;Erstbewertung;Naechster Schritt
A1;Storeganise;A Self-Storage-Fachsystem;international, Support u. a. Wien;Betreiber jeder Groesse, auch Mietgaragen/mobile Lagerung;Automatisierung von Buchung, Zahlung und Zutritt; 30+ Integrationen; offene API; DACH-Einsatz belegt;Deutschsprachigkeit aller Kundentexte; AT-Rechnungslogik; Buchhaltungsexport BMD/RZL/DATEV;hoch;RFP versenden
A2;Kinnovis;A Self-Storage-Fachsystem;Europa (Berlin);Betreiber in Europa;Buchungs- und Kundenportal, automatisierte Abrechnung und E-Mails, Integrationen u. a. Stripe, Noke, Xero;Preismodell unbekannt; AT-Spezifika; Referenzen in Oesterreich;hoch;RFP versenden
A3;Stora;A Self-Storage-Fachsystem;UK/Irland;kleine bis mittlere Betreiber;starke Automatisierung, moderne Oberflaeche, schnelle Einfuehrung;Deutschsprachigkeit; SEPA-Lastschrift AT; Rechnungs-/Steuerlogik AT;mittel;RFP mit K.o.-Fragen vorab
A4;selfstorage.team;A Self-Storage-Fachsystem;DACH;kleine und mittlere Anlagen;DACH-Ausrichtung, Schnittstellen zu Zutrittssystemen, ergaenzende Dienste (Marketing, Telefonservice, Buchhaltung);Funktionstiefe Abrechnung; Referenzen Oesterreich; Preismodell;hoch;RFP versenden
A5;SiteLink (Storable);A Self-Storage-Fachsystem;USA;etablierte Mehrstandortbetreiber;sehr tiefer Funktionsumfang, viele Integrationen;US-Pragung: Sprache, Zahlungsarten, Steuerlogik; vermutlich ueberdimensioniert;niedrig;nur bei Ausfall anderer Kandidaten
A6;6Storage;A Self-Storage-Fachsystem;international;kleine bis mittlere Betreiber;breite Zutrittsintegrationen (Noke, DaVinci Lock, OpenTech, SpiderDoor, PTI), guenstiger Einstieg;Deutschsprachigkeit; AT-Konformitaet; Supportzeitzone;mittel;K.o.-Fragen vorab
A7;Easy Storage Solutions;A Self-Storage-Fachsystem;USA;kleine Betreiber;integrierte Website, Online-Vermietung, E-Signatur;US-Pragung, AT-Konformitaet fraglich;niedrig;Reserve
A8;Storman;A Self-Storage-Fachsystem;AU/UK;kleine bis mittlere Betreiber;etabliertes Branchenprodukt;DACH-Praesenz und Sprache unklar;niedrig;Reserve
B1;Zoho One (CRM + Books);B Generischer Stack;Indien/EU-Hosting;KMU allgemein;deutschsprachig, guenstig, Fakturierung inkl. Abo-Rechnungen, breite Automatisierung, EU-Rechenzentrum waehlbar;Belegungsplan und Buchungsstrecke fehlen branchenspezifisch; Zutritt nur ueber API;mittel;als Vergleichsangebot Weg B
B2;Odoo (CRM, Vermietung, Buchhaltung);B Generischer Stack;Belgien;KMU allgemein;modular, deutschsprachig, AT-Lokalisierung ueber Partner, Miet- und Abo-Prozesse abbildbar;Einfuehrungsaufwand und Partnerkosten; Betreuungsbedarf;mittel;als Vergleichsangebot Weg B
B3;Abrechnungsplattform DACH (z. B. billwerk+, Fakturia) + CRM;B Generischer Stack;DACH;abo-basierte Geschaeftsmodelle;starke wiederkehrende Abrechnung inkl. SEPA und Mahnwesen, DACH-Rechtsraum;kein Belegungsplan, kein Zutritt, Integrationsaufwand;mittel;nur falls Weg A an Abrechnung scheitert
B4;Microsoft Dynamics 365 Business Central;B Generischer Stack;USA/EU-Partner;KMU mit Partnerbetreuung;vollstaendige Buchhaltung inkl. AT-Lokalisierung, Partnernetz in Oesterreich;Kosten und Einfuehrungsdauer fuer einen Einzelstandort unverhaeltnismaessig;niedrig;Reserve
C1;Individualentwicklung / Low-Code;C Eigenbau;-;-;maximale Passgenauigkeit;Zeitrahmen, Betriebsrisiko, Wartung;ausgeschlossen;nicht weiterverfolgen
